"GuaranteeIQ","Model 2.0.0"
"Warning","Modeled, conditional on stated assumptions"
"Seed","42"
"Simulations","2000"
"climate","Ahmedabad"
"beta","0.7"
"cycles","1.15"
"soc","1.25"
"outages","0"
"guarantee","0.75"
"mwh","500"
"augCost","1"
"decline","0.04"
"discount","0.1"
"loading","1.3"
"eaCycle","30000"
"cycleLife","8000"
"kCal","0.018"
"eaCal","50000"
"P year 10","0.525"
"P year 12","0.4355"
"Premium crore","2.5282137737135257"
"Premium capex percent","0.3160267217141907"
"Premium INR per kWh","50.56427547427052"
"P95 discounted payout crore","7.6586907157435355"

"Year","Median SoH","P10 SoH","P90 SoH"
"0","1","1","1"
"0.08333333333333333","0.9925086449235884","0.9911426967761888","0.993667110462766"
"0.16666666666666666","0.9885483737972478","0.9865784090387404","0.9902748611682356"
"0.25","0.9845812193151516","0.9820081398680935","0.9868713621616708"
"0.3333333333333333","0.9805259436719281","0.9772626213232037","0.9833849362113704"
"0.4166666666666667","0.9765173764213111","0.972552518841628","0.9799561594570803"
"0.5","0.9729029324178569","0.9683613233588497","0.9768940654268911"
"0.5833333333333334","0.9699199189373878","0.9648827472259361","0.9743117127885405"
"0.6666666666666666","0.9671743582756268","0.9616664323661751","0.9718690758687445"
"0.75","0.9644306748904607","0.9584685882055866","0.9694975543791757"
"0.8333333333333334","0.961765881931408","0.9554100203069867","0.9671998852488365"
"0.9166666666666666","0.9595137617056055","0.9527318787352168","0.9651915077224281"
"1","0.9574831992743947","0.950456376279578","0.963426521109654"
"1.0833333333333333","0.9555424032532172","0.9482083130926592","0.9617440896855071"
"1.1666666666666667","0.953534064915317","0.945760816188652","0.9600222124559611"
"1.25","0.9511744784323297","0.9429923599302822","0.9579427658811144"
"1.3333333333333333","0.9484994255046578","0.9398428293542678","0.9555958264288269"
"1.4166666666666667","0.9456316655346857","0.9364881650851605","0.9531383993344792"
"1.5","0.9429002717742214","0.9334121410041888","0.9507875331377691"
"1.5833333333333333","0.940534343168074","0.9306975532015911","0.9487622184520301"
"1.6666666666666667","0.9382432112051009","0.9279928513786597","0.9468158843135527"
"1.75","0.9359225147862754","0.9252735051275727","0.9448305061417449"
"1.8333333333333333","0.9336437084043353","0.9226402243208632","0.942896985904407"
"1.9166666666666667","0.9316637546616229","0.9203641074770346","0.9412211711438404"
"2","0.9298881286482301","0.9183614154738755","0.9397296423210667"
"2.0833333333333335","0.9281225017910606","0.9162776572201263","0.9382523811126935"
"2.1666666666666665","0.9263255356412157","0.9141800896833197","0.9366658492328601"
"2.25","0.9242202209669884","0.9117498470384352","0.9348451700205914"
"2.3333333333333335","0.9218337327804008","0.9088205650752125","0.9328217243286021"
"2.4166666666666665","0.9192309565219038","0.9056860119031802","0.9306201457813368"
"2.5","0.9167553940496503","0.9027555855594175","0.928585641549909"
"2.5833333333333335","0.9145732159765054","0.9002269366309816","0.9267221699191844"
"2.6666666666666665","0.9124677474339773","0.8977079801052492","0.9249089065949598"
"2.75","0.9103198811649612","0.8952247343172431","0.9230792945814651"
"2.8333333333333335","0.9082044110473626","0.8927328982955582","0.921336321003479"
"2.9166666666666665","0.9063379206159439","0.890505435637224","0.9197864072842131"
"3","0.9046338079622802","0.8885738450223102","0.9183987182684572"
"3.0833333333333335","0.902938867780679","0.8866055281402329","0.9170593977482122"
"3.1666666666666665","0.901239346916955","0.8846005780809195","0.91558175344718"
"3.25","0.8991982093933801","0.8822017570299762","0.9138876590684264"
"3.3333333333333335","0.8969483811073092","0.879507786306598","0.912039036835279"
"3.4166666666666665","0.894538624601922","0.8765236210204972","0.909911371350371"
"3.5","0.8921683453724","0.8738146298461468","0.9079255449498168"
"3.5833333333333335","0.8900568286663196","0.8713626123240886","0.9061419273245022"
"3.6666666666666665","0.8880514402869149","0.8689902011057424","0.9044495486041819"
"3.75","0.8860333359539636","0.8666125298068722","0.9027412364175317"
"3.8333333333333335","0.8840398347343417","0.8642664901755581","0.901028657014463"
"3.9166666666666665","0.8822702203020576","0.8621960699571044","0.8995002651845662"
"4","0.8806272485743735","0.8603784627776122","0.898114489075839"
"4.083333333333333","0.8790498795457394","0.8584768305800616","0.8967715725223973"
"4.166666666666667","0.8773981240511979","0.8565206696013101","0.8953495026441526"
"4.25","0.8755062858371893","0.8542491312739129","0.8937387126775178"
"4.333333333333333","0.8733460397772395","0.8515962762919921","0.8918714638569945"
"4.416666666666667","0.870987209793489","0.8487954042523491","0.8898492034079104"
"4.5","0.8687659371028105","0.8460864185873007","0.8878845678047607"
"4.583333333333333","0.8667732599014468","0.8436812932502785","0.8861876810262131"
"4.666666666666667","0.8648540557782523","0.8412806710134175","0.8845196401963592"
"4.75","0.8628293995155314","0.8389410539495815","0.882866418027201"
"4.833333333333333","0.8608829937385429","0.8365964605650638","0.8812599742567426"
"4.916666666666667","0.8591699177437642","0.8345302184251224","0.8798102715763957"
"5","0.8575641808318761","0.8327027065295961","0.8784552093290678"
"5.083333333333333","0.8560120300968153","0.8307700671748112","0.8771120780050067"
"5.166666666666667","0.8544806236181761","0.8288475768936766","0.8757509925824101"
"5.25","0.8525961022368576","0.8266804365757157","0.8741794092566401"
"5.333333333333333","0.8504467832019662","0.8240509992834449","0.8724664378119881"
"5.416666666666667","0.8482092096500868","0.8212368410719482","0.8705511353260412"
"5.5","0.8459740175501209","0.8185616103498182","0.8686978423417835"
"5.583333333333333","0.8439230041951316","0.8161582924082232","0.8669730368617005"
"5.666666666666667","0.8420069755139481","0.81385597045218","0.8653439856514349"
"5.75","0.8401147902893775","0.8115435818675316","0.8636758079341413"
"5.833333333333333","0.8382792425686895","0.8092468590843357","0.8620448641990596"
"5.916666666666667","0.8365733330015689","0.8072395300324324","0.8606328391205197"
"6","0.8349744286198386","0.8053052645570903","0.8593923243497217"
"6.083333333333333","0.8334145457118916","0.8035896632833337","0.8581289022401701"
"6.166666666666667","0.8318445912067254","0.8017777943308676","0.8568659516510924"
"6.25","0.8300668505502402","0.7996311474334997","0.8553256133747835"
"6.333333333333333","0.8279969990371001","0.79716748676334","0.8536070631406403"
"6.416666666666667","0.825718478438281","0.7944051476988212","0.8517254304549792"
"6.5","0.8235417606763638","0.7917296486331911","0.8498825758168431"
"6.583333333333333","0.8216393473709644","0.7893657373703964","0.8482763051763194"
"6.666666666666667","0.8197617916679449","0.7870673188945981","0.8466469282249481"
"6.75","0.8178575102319731","0.784792357517816","0.8450228637471382"
"6.833333333333333","0.8159752448313068","0.782561653192233","0.84349313188258"
"6.916666666666667","0.8143645621496023","0.7806000991424051","0.8421056912907146"
"7","0.8128714933385774","0.7787541904120139","0.8408349180552475"
"7.083333333333333","0.8114302039951471","0.7769974124207382","0.8395397368354618"
"7.166666666666667","0.809894242839532","0.7752516240768749","0.8382748109564329"
"7.25","0.8080779569058084","0.7731459156625449","0.8367782659369695"
"7.333333333333333","0.8060434493071654","0.7706838356224026","0.8350829285885298"
"7.416666666666667","0.8038324309846541","0.7679588980894709","0.83331279639774"
"7.5","0.8017181507493296","0.7653476603581402","0.8315812708394394"
"7.583333333333333","0.7998171488520909","0.7631253182789582","0.8299523222867923"
"7.666666666666667","0.7979395836964298","0.7609990846803006","0.8283759487517118"
"7.75","0.7960713802063654","0.7588440629054602","0.8268674009281094"
"7.833333333333333","0.7941897475432382","0.7565899160181264","0.8252980231964442"
"7.916666666666667","0.7925569750367282","0.7546123029782447","0.8238807157338423"
"8","0.791046079675821","0.752879523139048","0.8226703361189817"
"8.083333333333334","0.7894978181325458","0.7511949138630892","0.8214115705885572"
"8.166666666666666","0.7879845430221972","0.7494940893595412","0.820221591392391"
"8.25","0.7861693387436697","0.747347727911485","0.818753193398347"
"8.333333333333334","0.7841176603238946","0.7448413003913921","0.81706107392301"
"8.416666666666666","0.7819060567183016","0.7421201852417469","0.8152624843644072"
"8.5","0.7798331982901722","0.7396388284091328","0.8135435866464492"
"8.583333333333334","0.7779903982714589","0.7372785128285185","0.8120838309578577"
"8.666666666666666","0.7761648589584492","0.7350305922277348","0.8105612133546578"
"8.75","0.774327582556809","0.7328502499795218","0.8089887698258366"
"8.833333333333334","0.7725343120410486","0.7307132386927637","0.8074376230764327"
"8.916666666666666","0.7709374621552744","0.7288466311122075","0.8060275972461485"
"9","0.7694634295326253","0.7271290781616535","0.8047229041589783"
"9.083333333333334","0.7679598781409422","0.7254127187088746","0.8034928994673873"
"9.166666666666666","0.7664739601838335","0.7236971979038207","0.8022746943410756"
"9.25","0.7647256395665816","0.7216550117513987","0.8007956529599349"
"9.333333333333334","0.7627085246822531","0.7192894893491711","0.7991532630673106"
"9.416666666666666","0.7605966523653895","0.7167162168047538","0.7973714124983369"
"9.5","0.7585596488849338","0.7142200229960587","0.7956393817924737"
"9.583333333333334","0.7567047599090455","0.7120486388386615","0.7940631690521103"
"9.666666666666666","0.7549375153779654","0.7099275280942383","0.7925556732699006"
"9.75","0.7531276514931899","0.7077713329378355","0.7910464036979661"
"9.833333333333334","0.7512923919419605","0.705661151089798","0.7895339143426566"
"9.916666666666666","0.7496779063435355","0.7037185031187766","0.7881391416645712"
"10","0.748178050825586","0.7019535435959404","0.7869375517631435"
"10.083333333333334","0.7466788001329445","0.7001528540238839","0.7856805663832958"
"10.166666666666666","0.7451800704373865","0.6983566603808877","0.7843869220079415"
"10.25","0.7434587287514987","0.6962237069590826","0.7829124379634178"
"10.333333333333334","0.7415138330329514","0.6937929566942537","0.7812867634606927"
"10.416666666666666","0.73939617060982","0.6912157919799381","0.7795199359282203"
"10.5","0.7373629061826912","0.6887698870980922","0.7777287000262529"
"10.583333333333334","0.7354743763217364","0.6865662289408327","0.7761454990382681"
"10.666666666666666","0.7336709809741622","0.6844510871116201","0.7746719568622081"
"10.75","0.7318685057440281","0.6822653347121455","0.7731792514771566"
"10.833333333333334","0.7300810064115089","0.6800962872072769","0.7717081529515374"
"10.916666666666666","0.7285013143601462","0.6782855475077987","0.7703608084268191"
"11","0.7270255752565067","0.6765741886998292","0.7691236157154524"
"11.083333333333334","0.7255643461840928","0.6748003087321173","0.7679382365147668"
"11.166666666666666","0.7240801317345904","0.6730249372676961","0.7667162703109133"
"11.25","0.7223421531993686","0.6710203764742952","0.7652632169892329"
"11.333333333333334","0.720407367014125","0.668739482509301","0.7635824317071142"
"11.416666666666666","0.7182829893474969","0.6661376460303479","0.7617590649431007"
"11.5","0.7162542161910335","0.6637400929466112","0.7600028891423646"
"11.583333333333334","0.7144082314006254","0.6615066601735846","0.7584352938546532"
"11.666666666666666","0.7126428202676547","0.6593357024041667","0.7569518302411954"
"11.75","0.7108708695111552","0.6571354504713741","0.7553721117885759"
"11.833333333333334","0.7091437540031948","0.6549667144245992","0.7538652392704062"
"11.916666666666666","0.7076075979552221","0.653068048825964","0.7525144403649165"
"12","0.7061877421692669","0.6514253527609751","0.7512755469462389"

"Sources",""
"S1","https://www.seci.co.in/uploads/tenders/RfS-BESS_Projects-GRIDCO.pdf"
"S2","https://city.imd.gov.in/citywx/extreme/JUN/ahmedabad2.htm"
"S3","https://www.gobelpower.com/download/EVE-314Ah-CB31-LiFePO4-Cell-Datasheet.pdf"
"S4","https://github.com/NatLabRockies/BLAST-Lite"
"S5","https://doi.org/10.1016/j.est.2018.01.019"
"S6","https://doi.org/10.1016/j.jpowsour.2010.11.134"
"S7","https://github.com/NatLabRockies/BLAST-Lite"
"S8","https://about.bnef.com/insights/clean-transport/lithium-ion-battery-pack-prices-fall-to-108-per-kilowatt-hour-despite-rising-metal-prices-bloombergnef/"
"S9","https://www.munichre.com/en/company/media-relations/media-information-and-corporate-news/media-information/2019/2019-03-07-media-information.html"
"S10","https://www.twaice.com/newsroom/munich-re-partnership"
"S11","https://www.businesswire.com/news/home/20231026035229/en/Battery-Manufacturer-Hithium-to-Be-Reinsured-by-Munich-Re"